modelo,feature,importancia_media,importancia_std
Regresion_Logistica,hora_sin,0.004329680579628829,0.0009988627434759081
Regresion_Logistica,hora_cos,0.0047351788566436515,0.00022586766917054632
Regresion_Logistica,dia_semana_sin,-0.0013881807370785815,0.000280828530004639
Regresion_Logistica,dia_semana_cos,-2.0262482632501153e-07,0.00048515577824369635
Regresion_Logistica,mes_sin,0.0,0.0
Regresion_Logistica,mes_cos,0.0006854198631469632,0.000978159363995811
Regresion_Logistica,es_fin_de_semana,0.0010693224541791964,0.00014113263663113312
Regresion_Logistica,latitud,0.003634863427395496,0.0012241369682097659
Regresion_Logistica,longitud,0.0005932870808586325,0.0008390346361310212
Regresion_Logistica,dist_hermelinda_km,0.001569510001087182,0.00036284533314413504
Regresion_Logistica,dist_sanchez_carrion_km,0.001581901960960752,0.0007392666517942681
Regresion_Logistica,dist_parque_industrial_km,0.0027410054460694036,0.001328473319970115
Regresion_Logistica,dist_cesar_vallejo_km,0.004851994856656587,0.0009559245414726176
Regresion_Logistica,dist_hotspot_mas_cercano_km,0.004099499708412724,0.0015880542121039071
Regresion_Logistica,tipo_Estafa,0.03266561397127991,0.0014377881127843716
Regresion_Logistica,tipo_Extorsión,0.09805777078256517,0.0013326457344678977
Regresion_Logistica,tipo_Hurto,-0.0003963306417054113,0.00028024808434191223
Regresion_Logistica,tipo_Otros,0.3113866720620877,0.010112824017887852
Regresion_Logistica,tipo_Robo,0.13006025668240606,0.0038797112680843886
Regresion_Logistica,tipo_Secuestro,-0.0005984127699458034,0.0004288837271216186
Regresion_Logistica,tipo_Violencia contra la mujer e integrantes,0.23679993845238448,0.002766483147983416
Random_Forest,hora_sin,-0.001590665865068804,0.0006018623822112089
Random_Forest,hora_cos,-0.0018689099769633177,0.0014438702647703262
Random_Forest,dia_semana_sin,-0.0023572043016013566,0.0008644301075019441
Random_Forest,dia_semana_cos,0.00018609763529072362,0.0006005296872206961
Random_Forest,mes_sin,-5.784386108305858e-05,0.0010692952454178818
Random_Forest,mes_cos,-0.0009731053196846787,0.001350903845678033
Random_Forest,es_fin_de_semana,-0.0007075454007508345,0.0007386574143180768
Random_Forest,latitud,-0.0009047742014595869,0.00048384483049018935
Random_Forest,longitud,-0.0005469617796206583,0.000748890222021572
Random_Forest,dist_hermelinda_km,-2.1621685360055192e-05,0.0008643821360541282
Random_Forest,dist_sanchez_carrion_km,-0.0012886791277364473,0.0008433103659524009
Random_Forest,dist_parque_industrial_km,-0.00011505952841091756,0.0002789236448528978
Random_Forest,dist_cesar_vallejo_km,-0.002487031784152808,0.00028006643446704566
Random_Forest,dist_hotspot_mas_cercano_km,-0.0015098498901378414,0.0013551211043754208
Random_Forest,tipo_Estafa,0.018658617951209416,0.0006273727056413269
Random_Forest,tipo_Extorsión,0.0012719250984646324,0.001267682094691147
Random_Forest,tipo_Hurto,0.22657485645283038,0.007901941935465832
Random_Forest,tipo_Otros,0.27831539641566194,0.006589579615152139
Random_Forest,tipo_Robo,0.005508080271761158,0.0018918642956499414
Random_Forest,tipo_Secuestro,0.0,0.0
Random_Forest,tipo_Violencia contra la mujer e integrantes,0.019140024209436723,0.0019439539863398754
LightGBM,hora_sin,0.0004616034756691108,0.0022946890781521466
LightGBM,hora_cos,0.0021769270915766117,0.0014678135954657955
LightGBM,dia_semana_sin,-0.0020950408100368265,0.0017838837590088423
LightGBM,dia_semana_cos,-0.003619729208785246,0.0006238926838277515
LightGBM,mes_sin,0.0007769650636142064,0.0012009255141525379
LightGBM,mes_cos,0.0022484531217034087,0.0014393288425095315
LightGBM,es_fin_de_semana,0.0003820373655077554,0.0006892347634822191
LightGBM,latitud,0.0008693999405955388,0.0
LightGBM,longitud,-0.000408513382351335,0.0009106700673641934
LightGBM,dist_hermelinda_km,-1.275549312114895e-05,0.00041007405598169884
LightGBM,dist_sanchez_carrion_km,-0.0015818985465495168,0.0002799615295644499
LightGBM,dist_parque_industrial_km,-0.001079885775319737,0.00036233580754814536
LightGBM,dist_cesar_vallejo_km,-0.0003947614102889722,0.000961619431977286
LightGBM,dist_hotspot_mas_cercano_km,-0.0002871575043318734,0.0014766668124640877
LightGBM,tipo_Estafa,0.0265579535537596,0.0002771569947760936
LightGBM,tipo_Extorsión,0.00021118544939024986,0.0001493306633517741
LightGBM,tipo_Hurto,0.22837511443661404,0.007493191920207691
LightGBM,tipo_Otros,0.30577981280627187,0.005742975572051431
LightGBM,tipo_Robo,-0.0004575881274177703,0.0005004306570858395
LightGBM,tipo_Secuestro,0.0,0.0
LightGBM,tipo_Violencia contra la mujer e integrantes,-0.00044125402469101055,0.0015423361485474108
Hibrido1_Stacking_MLP,hora_sin,0.007435876602151244,0.002485323832672068
Hibrido1_Stacking_MLP,hora_cos,0.013228984085236428,0.005271717805779847
Hibrido1_Stacking_MLP,dia_semana_sin,0.008930647671054412,0.001786462001604333
Hibrido1_Stacking_MLP,dia_semana_cos,0.0008629100761955814,0.00224987602877361
Hibrido1_Stacking_MLP,mes_sin,0.009130787438798693,0.004508386866956796
Hibrido1_Stacking_MLP,mes_cos,0.008716904573116987,0.0025370466503852624
Hibrido1_Stacking_MLP,es_fin_de_semana,0.008577068226208776,0.0028669024754112583
Hibrido1_Stacking_MLP,latitud,0.014889795797748665,0.0017324858585011746
Hibrido1_Stacking_MLP,longitud,0.008329606174491596,0.0010072008472063118
Hibrido1_Stacking_MLP,dist_hermelinda_km,0.014933391080165373,0.0007366069685864606
Hibrido1_Stacking_MLP,dist_sanchez_carrion_km,0.01473151189177524,0.0021688232073308862
Hibrido1_Stacking_MLP,dist_parque_industrial_km,0.03418565456871522,0.004766292956187704
Hibrido1_Stacking_MLP,dist_cesar_vallejo_km,0.02910376339000509,0.0024477913307078187
Hibrido1_Stacking_MLP,dist_hotspot_mas_cercano_km,0.00814134699961396,0.0006463053338216214
Hibrido1_Stacking_MLP,tipo_Estafa,0.024447610865330576,0.0005338185587775543
Hibrido1_Stacking_MLP,tipo_Extorsión,0.09069114907113689,0.00047958130223555036
Hibrido1_Stacking_MLP,tipo_Hurto,0.012765367597295074,0.0030650397997332977
Hibrido1_Stacking_MLP,tipo_Otros,0.28273923068114143,0.006991338894101442
Hibrido1_Stacking_MLP,tipo_Robo,0.11930726125625675,0.005127278073043843
Hibrido1_Stacking_MLP,tipo_Secuestro,0.0,0.0
Hibrido1_Stacking_MLP,tipo_Violencia contra la mujer e integrantes,0.22592530174005532,0.002889688571797094
Hibrido2_GA_MLP,hora_sin,7.320531418867719e-05,0.0021641491151464494
Hibrido2_GA_MLP,hora_cos,0.0018790252495929731,0.004014883920393253
Hibrido2_GA_MLP,dia_semana_sin,-0.0003027278930976725,0.0013915138435351602
Hibrido2_GA_MLP,dia_semana_cos,-0.002886795729061068,0.00142223430800134
Hibrido2_GA_MLP,mes_sin,-0.0031547652258659222,0.0014567404739516843
Hibrido2_GA_MLP,mes_cos,-0.0026507293584565974,0.0015896316782653087
Hibrido2_GA_MLP,es_fin_de_semana,-0.0039109291405412154,0.001055749000146333
Hibrido2_GA_MLP,latitud,-0.00427597008200394,0.0018850993455422978
Hibrido2_GA_MLP,longitud,-0.001757015826295098,0.002207597679403258
Hibrido2_GA_MLP,dist_hermelinda_km,-0.003910675803004082,0.0011928111368563518
Hibrido2_GA_MLP,dist_sanchez_carrion_km,-0.0034352251180478723,0.0004543589054787096
Hibrido2_GA_MLP,dist_parque_industrial_km,-0.0013750712223635035,0.002512612350543144
Hibrido2_GA_MLP,dist_cesar_vallejo_km,-0.005681112987836949,0.0015685643345055764
Hibrido2_GA_MLP,dist_hotspot_mas_cercano_km,0.002555346301613618,0.00306681855948082
Hibrido2_GA_MLP,tipo_Estafa,0.018132598970881004,0.002014427156009501
Hibrido2_GA_MLP,tipo_Extorsión,0.06621114583549596,0.0009377904835733088
Hibrido2_GA_MLP,tipo_Hurto,0.11737052953638046,0.003682861920266894
Hibrido2_GA_MLP,tipo_Otros,0.18911210092485106,0.006836989572386327
Hibrido2_GA_MLP,tipo_Robo,0.09974644496511516,0.0028313488138873807
Hibrido2_GA_MLP,tipo_Secuestro,-0.000570505314775982,0.0004073100406209978
Hibrido2_GA_MLP,tipo_Violencia contra la mujer e integrantes,0.15135688615305246,0.006610540702708347
